{"schemaVersion":"1.0","appDefinitionTemplate":{"id":"/providers/Microsoft.PowerApps/apps/","type":"Microsoft.PowerApps/apps","tags":{"primaryDeviceWidth":"1366","primaryDeviceHeight":"768","supportsPortrait":"true","supportsLandscape":"true","primaryFormFactor":"Tablet","publisherVersion":"3.23073.23","minimumRequiredApiVersion":"2.2.0","hasComponent":"false","hasUnlockedComponent":"false","isUnifiedRootApp":"false","sienaVersion":"20230807T181404Z-3.23073.23.0"},"properties":{"appVersion":"2023-08-07T18:14:04Z","lifeCycleId":"Published","createdByClientVersion":{"major":3,"minor":23073,"build":23,"revision":0,"majorRevision":0,"minorRevision":0},"minClientVersion":{"major":3,"minor":23073,"build":23,"revision":0,"majorRevision":0,"minorRevision":0},"backgroundColor":"RGBA(0,176,240,1)","backgroundImageUri":"/4333470434119278631/Nf75b860a-7292-4c93-8fc1-2d65142eade4-logoSmallFile","displayName":"Feedback","description":"","commitMessage":"","appUris":{"documentUri":{"value":"/4333470434119278631/N74281efe-553f-4746-8272-6c567ef5d08d-document.msapp"},"imageUris":[],"additionalUris":[]},"createdTime":"0001-01-01T00:00:00Z","lastModifiedTime":"0001-01-01T00:00:00Z","sharedGroupsCount":0,"sharedUsersCount":0,"connectionReferences":{"059fb5d3-b4b4-4783-a5a5-52374c95af8e":{"id":"7ae5c871-3c07-4cb4-a3f3-7f6b27244161","displayName":"SharePoint","iconUri":"https://connectoricons-prod.azureedge.net/u/shgogna/globalperconnector-train1/1.0.1639.3312/sharepointonline/icon.png","dataSources":["Lista_Feedback"],"dependencies":[],"dependents":[],"parameterHints":{},"parameterHintsV2":{},"isOnPremiseConnection":false,"bypassConsent":false,"dataSets":{"https://energisa.sharepoint.com/sites/EquipeGestodeDemandas":{"dataSources":{"Lista_Feedback":{"tableName":"628832e4-df68-4360-b58a-6fd3c17b874d"}}}},"apiTier":"Standard","isCustomApiConnection":false,"actions":["providers/PowerPlatform.Governance/Operations/Read","providers/PowerPlatform.Governance/Operations/Write","providers/PowerPlatform.Governance/Operations/Delete"]},"59a488d0-0322-451c-a072-de0bd0149b90":{"id":"b46b573c-3aa6-4b74-aaa6-eacc2d21221f","displayName":"Fluxos lógicos","iconUri":"https://connectoricons-prod.azureedge.net/releases/v1.0.1645/1.0.1645.3345/logicflows/icon.png","dataSources":["Enviarfeedbackpormeiodoteams"],"dependencies":["b49d6e6f-331d-494e-b746-dbbea3d317c7"],"dependents":[],"parameterHints":{"workflowName":{"value":"2afd61df-e29e-4055-aec1-479d08890684"},"workflowEntityId":{},"b49d6e6f-331d-494e-b746-dbbea3d317c7":{"value":"shared_teams"}},"parameterHintsV2":{"workflowName":{"value":"2afd61df-e29e-4055-aec1-479d08890684"},"workflowEntityId":{},"shared_teams":{"value":"b49d6e6f-331d-494e-b746-dbbea3d317c7"}},"isOnPremiseConnection":false,"bypassConsent":false,"dataSets":{},"apiTier":"Standard","isCustomApiConnection":false,"nestedActions":[{"id":"/providers/Microsoft.PowerApps/apis/shared_teams/apiOperations/PostMessageToConversation","apiName":"Microsoft Teams","actionName":"PostMessageToConversation","referencedResources":[]}]},"b49d6e6f-331d-494e-b746-dbbea3d317c7":{"id":"82cc5e97-81c8-4a88-b757-beda6f748b30","displayName":"Microsoft Teams","iconUri":"https://connectoricons-prod.azureedge.net/u/anladwig/releases/teamsRetryLogic/1.0.1646.3350/teams/icon.png","dataSources":[],"dependencies":[],"dependents":["59a488d0-0322-451c-a072-de0bd0149b90","6ba2934f-4d2a-42c9-8f8c-9e75646602b4","04c3dfa6-635e-4bf9-84e3-ab3a9e2fb25c","b10fc579-3e0e-4537-ab2d-54ee3ca28620","e6841671-40bb-4d15-905d-c562abf3267d"],"parameterHints":{},"parameterHintsV2":{},"isOnPremiseConnection":false,"bypassConsent":false,"dataSets":{},"apiTier":"Standard","isCustomApiConnection":false},"6ba2934f-4d2a-42c9-8f8c-9e75646602b4":{"id":"b46b573c-3aa6-4b74-aaa6-eacc2d21221f","displayName":"Fluxos lógicos","iconUri":"https://connectoricons-prod.azureedge.net/releases/v1.0.1645/1.0.1645.3345/logicflows/icon.png","dataSources":["EnvioMensagemnoteams"],"dependencies":["b49d6e6f-331d-494e-b746-dbbea3d317c7"],"dependents":[],"parameterHints":{"workflowName":{"value":"3658db71-eb8f-4f99-ab8a-f9c61eec052d"},"workflowEntityId":{},"b49d6e6f-331d-494e-b746-dbbea3d317c7":{"value":"shared_teams"}},"parameterHintsV2":{"workflowName":{"value":"3658db71-eb8f-4f99-ab8a-f9c61eec052d"},"workflowEntityId":{},"shared_teams":{"value":"b49d6e6f-331d-494e-b746-dbbea3d317c7"}},"isOnPremiseConnection":false,"bypassConsent":false,"dataSets":{},"apiTier":"Standard","isCustomApiConnection":false,"nestedActions":[{"id":"/providers/Microsoft.PowerApps/apis/shared_teams/apiOperations/PostMessageToConversation","apiName":"Microsoft Teams","actionName":"PostMessageToConversation","referencedResources":[]}]},"04c3dfa6-635e-4bf9-84e3-ab3a9e2fb25c":{"id":"b46b573c-3aa6-4b74-aaa6-eacc2d21221f","displayName":"Fluxos lógicos","iconUri":"https://connectoricons-prod.azureedge.net/releases/v1.0.1645/1.0.1645.3345/logicflows/icon.png","dataSources":["envioteamsteste"],"dependencies":["b49d6e6f-331d-494e-b746-dbbea3d317c7"],"dependents":[],"parameterHints":{"workflowName":{"value":"218201f7-c65f-4029-9a8f-11e0a06eb9ba"},"workflowEntityId":{},"b49d6e6f-331d-494e-b746-dbbea3d317c7":{"value":"shared_teams"}},"parameterHintsV2":{"workflowName":{"value":"218201f7-c65f-4029-9a8f-11e0a06eb9ba"},"workflowEntityId":{},"shared_teams":{"value":"b49d6e6f-331d-494e-b746-dbbea3d317c7"}},"isOnPremiseConnection":false,"bypassConsent":false,"dataSets":{},"apiTier":"Standard","isCustomApiConnection":false,"nestedActions":[{"id":"/providers/Microsoft.PowerApps/apis/shared_teams/apiOperations/PostCardToConversation","apiName":"Microsoft Teams","actionName":"PostCardToConversation","referencedResources":[]}]},"b10fc579-3e0e-4537-ab2d-54ee3ca28620":{"id":"b46b573c-3aa6-4b74-aaa6-eacc2d21221f","displayName":"Fluxos lógicos","iconUri":"https://connectoricons-prod.azureedge.net/releases/v1.0.1645/1.0.1645.3345/logicflows/icon.png","dataSources":["EnvioFeedbackVFinal"],"dependencies":["b49d6e6f-331d-494e-b746-dbbea3d317c7"],"dependents":[],"parameterHints":{"workflowName":{"value":"1de3baab-91a9-4602-b1ca-8c19cf5cf83d"},"workflowEntityId":{},"b49d6e6f-331d-494e-b746-dbbea3d317c7":{"value":"shared_teams"}},"parameterHintsV2":{"workflowName":{"value":"1de3baab-91a9-4602-b1ca-8c19cf5cf83d"},"workflowEntityId":{},"shared_teams":{"value":"b49d6e6f-331d-494e-b746-dbbea3d317c7"}},"isOnPremiseConnection":false,"bypassConsent":false,"dataSets":{},"apiTier":"Standard","isCustomApiConnection":false,"nestedActions":[{"id":"/providers/Microsoft.PowerApps/apis/shared_teams/apiOperations/PostMessageToConversation","apiName":"Microsoft Teams","actionName":"PostMessageToConversation","referencedResources":[]}]},"e6841671-40bb-4d15-905d-c562abf3267d":{"id":"b46b573c-3aa6-4b74-aaa6-eacc2d21221f","displayName":"Fluxos lógicos","iconUri":"https://connectoricons-prod.azureedge.net/releases/v1.0.1645/1.0.1645.3345/logicflows/icon.png","dataSources":["PowerApp->Postarmensagememumchatoucanal"],"dependencies":["b49d6e6f-331d-494e-b746-dbbea3d317c7"],"dependents":[],"parameterHints":{"workflowName":{"value":"0e8d94aa-3eae-482c-afc0-411196e6a326"},"workflowEntityId":{},"b49d6e6f-331d-494e-b746-dbbea3d317c7":{"value":"shared_teams"}},"parameterHintsV2":{"workflowName":{"value":"0e8d94aa-3eae-482c-afc0-411196e6a326"},"workflowEntityId":{},"shared_teams":{"value":"b49d6e6f-331d-494e-b746-dbbea3d317c7"}},"isOnPremiseConnection":false,"bypassConsent":false,"dataSets":{},"apiTier":"Standard","isCustomApiConnection":false,"actions":["Run"],"nestedActions":[{"id":"/providers/Microsoft.PowerApps/apis/shared_teams/apiOperations/PostMessageToConversation","apiName":"Microsoft Teams","actionName":"PostMessageToConversation","referencedResources":[]}]}},"databaseReferences":{},"almMode":"Environment","performanceOptimizationEnabled":true,"canConsumeAppPass":true,"enableModernRuntimeMode":false,"executionRestrictions":{"isTeamsOnly":false,"dataLossPreventionEvaluationResult":{"status":"Compliant","lastEvaluationDate":"2023-08-07T18:14:25.7896822Z","violations":[],"violationsByPolicy":[],"violationErrorMessage":"O aplicativo usa os seguintes conectores: shared_sharepointonline, shared_logicflows, shared_teams."},"httpActionRestriction":{"appUsesSharepointHttpAction":false,"enforcementStrategy":"Legacy","evaluationTime":"2023-08-07T18:14:25.7895906Z"}}},"appType":"ClassicCanvasApp","appComponents":[]}}