{"name":"4f080868-b7fc-4319-9e90-0aad3857f1ef","id":"/providers/Microsoft.Flow/flows/4f080868-b7fc-4319-9e90-0aad3857f1ef","type":"Microsoft.Flow/flows","properties":{"apiId":"/providers/Microsoft.PowerApps/apis/shared_logicflows","displayName":"EnvioFeedbackVFinal","definition":{"metadata":{"workflowEntityId":null,"processAdvisorMetadata":null,"flowChargedByPaygo":null,"flowclientsuspensionreason":"None","flowclientsuspensiontime":null,"flowclientsuspensionreasondetails":null,"creator":{"id":"04e29d49-d6e5-49dd-bcef-85f6afc63b3e","type":"User","tenantId":"f8c68086-b95c-49cb-9d38-ed37940abef5"},"provisioningMethod":"FromDefinition","failureAlertSubscription":true,"clientLastModifiedTime":"2023-08-01T18:12:24.2705806Z"},"$schema":"https://schema.management.azure.com/providers/Microsoft.Logic/schemas/2016-06-01/workflowdefinition.json#","contentVersion":"1.0.0.0","parameters":{"$connections":{"defaultValue":{},"type":"Object"},"$authentication":{"defaultValue":{},"type":"SecureObject"}},"triggers":{"manual":{"metadata":{"operationMetadataId":"ad619d9c-f202-4b32-9649-81d2d55a0ab9"},"type":"Request","kind":"PowerApp","inputs":{"schema":{"type":"object","properties":{"Postarmensagememumchatoucanal_Message":{"type":"string","format":"html","description":"Add message. Este parâmetro é usado como parte de \"6872AC8F-7F9C-4359-9114-DC7569207FC4\"","x-ms-powerflows-param-ispartial":true},"Postarmensagememumchatoucanal_Message_1":{"type":"string"},"Postarmensagememumchatoucanal_Message_2":{"type":"string"},"Postarmensagememumchatoucanal_Message_3":{"type":"string"}},"required":["Postarmensagememumchatoucanal_Message","Postarmensagememumchatoucanal_Message_1","Postarmensagememumchatoucanal_Message_2","Postarmensagememumchatoucanal_Message_3"]}}}},"actions":{"Postar_mensagem_em_um_chat_ou_canal":{"runAfter":{},"metadata":{"operationMetadataId":"f8ae41f3-6d44-4746-9236-dc0b70e49184"},"type":"OpenApiConnection","inputs":{"host":{"apiId":"/providers/Microsoft.PowerApps/apis/shared_teams","connectionName":"shared_teams","operationId":"PostMessageToConversation"},"parameters":{"poster":"Flow bot","location":"Group chat","body/recipient":"19:4fd5ffbb9c3044ca9224b145e2ced2f8@thread.v2","body/messageBody":"<p><span style=\"font-size: 16px; color: rgb(243,121,52)\"><strong>Feedback</strong></span><br>\n<strong>Para:</strong> @{triggerBody()['Postarmensagememumchatoucanal_Message']}<br>\n<strong>De:</strong> @{triggerBody()['Postarmensagememumchatoucanal_Message_1']}<br>\n<strong>Motivo:</strong> @{triggerBody()['Postarmensagememumchatoucanal_Message_2']}<br>\n<br>\n<strong>Descrição:</strong> @{triggerBody()['Postarmensagememumchatoucanal_Message_3']}</p>"},"authentication":{"value":"@json(decodeBase64(triggerOutputs().headers['X-MS-APIM-Tokens']))['$ConnectionKey']","type":"Raw"}}}}},"connectionReferences":{"shared_teams":{"connectionName":"shared-teams-f51259d1-6b61-45ec-bd73-24367afcc77e","source":"Invoker","id":"/providers/Microsoft.PowerApps/apis/shared_teams","tier":"NotSpecified"}},"flowFailureAlertSubscribed":false,"isManaged":false}}