{"schemaVersion":"1.0","appDefinitionTemplate":{"id":"/providers/Microsoft.PowerApps/apps/","type":"Microsoft.PowerApps/apps","tags":{"primaryDeviceWidth":"640","primaryDeviceHeight":"1136","supportsPortrait":"true","supportsLandscape":"true","primaryFormFactor":"Phone","publisherVersion":"3.22084.15","minimumRequiredApiVersion":"2.2.0","hasComponent":"false","hasUnlockedComponent":"false","isUnifiedRootApp":"false","sienaVersion":"20220902T154545Z-3.22084.15.0"},"properties":{"appVersion":"2022-09-02T15:45:45Z","lifeCycleId":"Published","createdByClientVersion":{"major":3,"minor":22084,"build":15,"revision":0,"majorRevision":0,"minorRevision":0},"minClientVersion":{"major":3,"minor":22084,"build":15,"revision":0,"majorRevision":0,"minorRevision":0},"backgroundColor":"RGBA(0,176,240,1)","backgroundImageUri":"/14435288701120110018/N0b9b7d74-d14c-4368-a11d-73c166b41329-logoSmallFile","displayName":"Vendas_","description":"","commitMessage":"","appUris":{"documentUri":{"value":"/14435288701120110018/N522c827b-5dd0-4e06-b37a-27e74f00789f-document.msapp"},"imageUris":[],"additionalUris":[]},"createdTime":"0001-01-01T00:00:00Z","lastModifiedTime":"0001-01-01T00:00:00Z","sharedGroupsCount":0,"sharedUsersCount":0,"icons":{"smallIconUri":"/14435288701120110018/N926ae2c3-00ab-4711-8127-abb0408d75d9-small.png","mediumIconUri":"/14435288701120110018/Ncf76d6cc-bb89-4948-a5c8-25102fe1b08c-medium.png","largeIconUri":"/14435288701120110018/Na98615ec-14e3-41b5-9220-e0b7ba5cc651-large.png","wideIconUri":"/14435288701120110018/N8d101104-568d-45ac-935f-24b71e12d836-wide.png"},"connectionReferences":{"f481c0cf-45bf-4a11-888f-ffe2a4d6cb8c":{"id":"39f169c2-40a4-45b5-82d8-6b3c678110a0","displayName":"Excel","iconUri":"https://connectoricons-prod.azureedge.net/releases/v1.0.1595/1.0.1595.2986/excel/icon.png","dataSources":["Tabela1"],"dependencies":["02378dc3-fbf9-4a78-b680-5f9d38a73391"],"dependents":[],"parameterHints":{"02378dc3-fbf9-4a78-b680-5f9d38a73391":{"value":"fileSource"}},"parameterHintsV2":{"fileSource":{"value":"02378dc3-fbf9-4a78-b680-5f9d38a73391"}},"isOnPremiseConnection":false,"bypassConsent":false,"dataSets":{"B5AA91C7F8C0D7E5!524":{"dataSources":{"Tabela1":{"tableName":"Tabela1"}}}},"apiTier":"Standard","isCustomApiConnection":false,"actions":["providers/PowerPlatform.Governance/Operations/Read","providers/PowerPlatform.Governance/Operations/Write","providers/PowerPlatform.Governance/Operations/Delete"]},"02378dc3-fbf9-4a78-b680-5f9d38a73391":{"id":"5e648631-8a30-4b19-8241-cf611f0353ac","displayName":"OneDrive","iconUri":"https://connectoricons-prod.azureedge.net/releases/v1.0.1586/1.0.1586.2912/onedrive/icon.png","dataSources":[],"dependencies":[],"dependents":["f481c0cf-45bf-4a11-888f-ffe2a4d6cb8c"],"parameterHints":{},"parameterHintsV2":{},"isOnPremiseConnection":false,"bypassConsent":false,"dataSets":{},"apiTier":"Standard","isCustomApiConnection":false}},"databaseReferences":{},"almMode":"Environment","performanceOptimizationEnabled":true,"canConsumeAppPass":true,"enableModernRuntimeMode":false,"executionRestrictions":{"isTeamsOnly":false,"dataLossPreventionEvaluationResult":{"status":"Compliant","lastEvaluationDate":"2022-09-02T00:31:29.3751633Z","violations":[],"violationsByPolicy":[],"violationErrorMessage":"A aplicação utiliza os seguintes conectores: shared_excel, shared_onedrive."}}},"appType":"ClassicCanvasApp","appComponents":[]}}