{"name":"965e5376-30ee-4916-836c-f911471caca1","id":"/providers/Microsoft.Flow/flows/965e5376-30ee-4916-836c-f911471caca1","type":"Microsoft.Flow/flows","properties":{"apiId":"/providers/Microsoft.PowerApps/apis/shared_logicflows","displayName":"Envio Mensagem no teams","definition":{"metadata":{"workflowEntityId":null,"processAdvisorMetadata":null,"flowChargedByPaygo":null,"flowclientsuspensionreason":"None","flowclientsuspensiontime":null,"flowclientsuspensionreasondetails":null,"creator":{"id":"04e29d49-d6e5-49dd-bcef-85f6afc63b3e","type":"User","tenantId":"f8c68086-b95c-49cb-9d38-ed37940abef5"},"provisioningMethod":"FromDefinition","failureAlertSubscription":true,"clientLastModifiedTime":"2023-08-01T17:06:33.6817535Z"},"$schema":"https://schema.management.azure.com/providers/Microsoft.Logic/schemas/2016-06-01/workflowdefinition.json#","contentVersion":"1.0.0.0","parameters":{"$connections":{"defaultValue":{},"type":"Object"},"$authentication":{"defaultValue":{},"type":"SecureObject"}},"triggers":{"manual":{"metadata":{"operationMetadataId":"fef9ebf0-9fc6-44a8-a853-4b82d1e009a7"},"type":"Request","kind":"PowerApp","inputs":{"schema":{"type":"object","properties":{"Postarmensagememumchatoucanal_Message":{"type":"string","format":"html","description":"Add message. Este parâmetro é usado como parte de \"A2382FBD-E871-46A5-A5C3-DF436C08033F\"","x-ms-powerflows-param-ispartial":true}},"required":["Postarmensagememumchatoucanal_Message"]}}}},"actions":{"Postar_mensagem_em_um_chat_ou_canal":{"runAfter":{},"metadata":{"operationMetadataId":"75d69cb1-c4ce-452e-b38f-f84c176070f2"},"type":"OpenApiConnection","inputs":{"host":{"apiId":"/providers/Microsoft.PowerApps/apis/shared_teams","connectionName":"shared_teams","operationId":"PostMessageToConversation"},"parameters":{"poster":"Flow bot","location":"Chat with Flow bot","body/recipient":"vinicius.pinholi@energisa.com.br","body/messageBody":"<p>@{triggerBody()['Postarmensagememumchatoucanal_Message']}</p>"},"authentication":{"value":"@json(decodeBase64(triggerOutputs().headers['X-MS-APIM-Tokens']))['$ConnectionKey']","type":"Raw"}}}}},"connectionReferences":{"shared_teams":{"connectionName":"shared-teams-f51259d1-6b61-45ec-bd73-24367afcc77e","source":"Invoker","id":"/providers/Microsoft.PowerApps/apis/shared_teams","tier":"NotSpecified"}},"flowFailureAlertSubscribed":false,"isManaged":false}}