{"schemaVersion":"1.0","appDefinitionTemplate":{"id":"/providers/Microsoft.PowerApps/apps/","type":"Microsoft.PowerApps/apps","tags":{"primaryDeviceWidth":"1366","primaryDeviceHeight":"768","supportsPortrait":"true","supportsLandscape":"true","primaryFormFactor":"Tablet","showStatusBar":"false","publisherVersion":"3.23075.16","minimumRequiredApiVersion":"2.2.0","hasComponent":"true","hasUnlockedComponent":"true","isUnifiedRootApp":"false","sienaVersion":"20230817T115051Z-3.23075.16.0"},"properties":{"appVersion":"2023-08-17T11:50:51Z","lifeCycleId":"Published","createdByClientVersion":{"major":3,"minor":23075,"build":16,"revision":0,"majorRevision":0,"minorRevision":0},"minClientVersion":{"major":3,"minor":23075,"build":16,"revision":0,"majorRevision":0,"minorRevision":0},"backgroundColor":"RGBA(0,176,240,1)","backgroundImageUri":"/18011307848261570899/N957cf0d1-f89f-4d89-8be0-0843e9969e2b-logoSmallFile","displayName":"Reunião Fornecedores","description":"","commitMessage":"","appUris":{"documentUri":{"value":"/18011307848261570899/N095fafd8-c1a3-46a7-a178-a13ceff3af21-document.msapp"},"imageUris":[],"additionalUris":[]},"createdTime":"0001-01-01T00:00:00Z","lastModifiedTime":"0001-01-01T00:00:00Z","sharedGroupsCount":0,"sharedUsersCount":0,"connectionReferences":{"06f049b9-fc3d-4891-a7bd-4f9e75946c95":{"id":"e73d9374-e1e4-438f-8a12-fc66ea0487c4","displayName":"Excel Online (Business)","iconUri":"https://connectoricons-prod.azureedge.net/releases/v1.0.1651/1.0.1651.3382/excelonlinebusiness/icon.png","dataSources":["TblAgendamento","tblRealizacao"],"dependencies":[],"dependents":[],"parameterHints":{},"parameterHintsV2":{},"isOnPremiseConnection":false,"bypassConsent":false,"dataSets":{"groups%252F2c12db80-bd2a-4c4f-bb7d-dd806ec42941,b%2521lLVTIdCAEkWzkqAlfhga7w8WKQJHcVdMp2ui1mfJFUpCOEZjWCDbRpcOIpNmCeWx,01JIBB6YDZTCYTH42EJNH2RDNSN6SAQ227":{"dataSources":{"TblAgendamento":{"tableName":"{16A4A150-51D4-42C6-89A4-925A0C190681}"},"tblRealizacao":{"tableName":"{9903E743-1F16-48FA-9060-C9F2E4988552}"}}}},"apiTier":"Standard","isCustomApiConnection":false},"64a49be3-e9cd-46ee-a946-241481ec60e0":{"id":"7ae5c871-3c07-4cb4-a3f3-7f6b27244161","displayName":"SharePoint","iconUri":"https://connectoricons-prod.azureedge.net/u/shgogna/globalperconnector-train1/1.0.1639.3312/sharepointonline/icon.png","dataSources":["Lista - Reuniões com Fornecedores"],"dependencies":[],"dependents":[],"parameterHints":{},"parameterHintsV2":{},"isOnPremiseConnection":false,"bypassConsent":false,"dataSets":{"https://energisa.sharepoint.com/sites/GPAN":{"dataSources":{"Lista - Reuniões com Fornecedores":{"tableName":"764811be-43ce-4f00-830c-09de2cbf143a"}}}},"apiTier":"Standard","isCustomApiConnection":false,"actions":["providers/PowerPlatform.Governance/Operations/Read","providers/PowerPlatform.Governance/Operations/Write"]}},"authorizationReferences":[{"resourceId":"powerbi"}],"databaseReferences":{},"almMode":"Environment","performanceOptimizationEnabled":true,"canConsumeAppPass":true,"enableModernRuntimeMode":false,"executionRestrictions":{"isTeamsOnly":false,"dataLossPreventionEvaluationResult":{"status":"Compliant","lastEvaluationDate":"2023-08-10T04:25:25.4433901Z","violations":[],"violationsByPolicy":[],"violationErrorMessage":"O aplicativo usa os seguintes conectores: shared_excelonlinebusiness, shared_sharepointonline."}}},"appType":"ClassicCanvasApp","appComponents":[]}}