{"schemaVersion":"1.0","appDefinitionTemplate":{"id":"/providers/Microsoft.PowerApps/apps/","type":"Microsoft.PowerApps/apps","tags":{"primaryDeviceWidth":"1366","primaryDeviceHeight":"768","supportsPortrait":"true","supportsLandscape":"true","primaryFormFactor":"Tablet","publisherVersion":"3.22091.11","minimumRequiredApiVersion":"2.2.0","hasComponent":"false","hasUnlockedComponent":"false","isUnifiedRootApp":"false","sienaVersion":"20220915T203025Z-3.22091.11.0"},"properties":{"appVersion":"2022-09-15T20:30:25Z","lifeCycleId":"Published","createdByClientVersion":{"major":3,"minor":22091,"build":11,"revision":0,"majorRevision":0,"minorRevision":0},"minClientVersion":{"major":3,"minor":22091,"build":11,"revision":0,"majorRevision":0,"minorRevision":0},"backgroundColor":"RGBA(0,176,240,1)","backgroundImageUri":"/3836960288771982462/Ne7eb8070-004f-40e1-bf21-1f8aa069ed5f-logoSmallFile","displayName":"Estoque_","description":"","commitMessage":"","appUris":{"documentUri":{"value":"/3836960288771982462/N157c7e49-93d4-4c32-8991-bca77c7904e5-document.msapp"},"imageUris":[],"additionalUris":[]},"createdTime":"0001-01-01T00:00:00Z","lastModifiedTime":"0001-01-01T00:00:00Z","sharedGroupsCount":0,"sharedUsersCount":0,"icons":{"smallIconUri":"/3836960288771982462/Nda01d528-2c7a-4113-ad28-e52c40c838aa-small.png","mediumIconUri":"/3836960288771982462/N9745c4f3-1406-4566-8cf7-9823f83967ba-medium.png","largeIconUri":"/3836960288771982462/N3e8825d8-33e8-42b4-9cc6-999f22ababe8-large.png","wideIconUri":"/3836960288771982462/N7b74b657-13c1-4821-9d0b-a2829aad3e7a-wide.png"},"connectionReferences":{"697b4d5a-625b-45b1-b118-fdd46fb32e51":{"id":"39f169c2-40a4-45b5-82d8-6b3c678110a0","displayName":"Excel","iconUri":"https://connectoricons-prod.azureedge.net/releases/v1.0.1599/1.0.1599.3017/excel/icon.png","dataSources":["Movimentação","Produtos"],"dependencies":["6847d282-2ce0-4e5c-ae3b-80716ef65ec0"],"dependents":[],"parameterHints":{"6847d282-2ce0-4e5c-ae3b-80716ef65ec0":{"value":"fileSource"}},"parameterHintsV2":{"fileSource":{"value":"6847d282-2ce0-4e5c-ae3b-80716ef65ec0"}},"isOnPremiseConnection":false,"bypassConsent":false,"dataSets":{"B5AA91C7F8C0D7E5!526":{"dataSources":{"Movimentação":{"tableName":"Movimentação"},"Produtos":{"tableName":"Produtos"}}}},"apiTier":"Standard","isCustomApiConnection":false,"actions":["providers/PowerPlatform.Governance/Operations/Read","providers/PowerPlatform.Governance/Operations/Write"]},"6847d282-2ce0-4e5c-ae3b-80716ef65ec0":{"id":"5e648631-8a30-4b19-8241-cf611f0353ac","displayName":"OneDrive","iconUri":"https://connectoricons-prod.azureedge.net/releases/v1.0.1586/1.0.1586.2912/onedrive/icon.png","dataSources":[],"dependencies":[],"dependents":["697b4d5a-625b-45b1-b118-fdd46fb32e51"],"parameterHints":{},"parameterHintsV2":{},"isOnPremiseConnection":false,"bypassConsent":false,"dataSets":{},"apiTier":"Standard","isCustomApiConnection":false}},"databaseReferences":{},"almMode":"Environment","performanceOptimizationEnabled":true,"canConsumeAppPass":true,"enableModernRuntimeMode":false,"executionRestrictions":{"isTeamsOnly":false,"dataLossPreventionEvaluationResult":{"status":"Compliant","lastEvaluationDate":"2022-09-04T00:53:33.3335596Z","violations":[],"violationsByPolicy":[],"violationErrorMessage":"A aplicação utiliza os seguintes conectores: shared_excel, shared_onedrive."}}},"appType":"ClassicCanvasApp","appComponents":[]}}