{"schemaVersion":"1.0","appDefinitionTemplate":{"id":"/providers/Microsoft.PowerApps/apps/","type":"Microsoft.PowerApps/apps","tags":{"primaryDeviceWidth":"1366","primaryDeviceHeight":"768","supportsPortrait":"true","supportsLandscape":"true","primaryFormFactor":"Tablet","publisherVersion":"3.23063.15","minimumRequiredApiVersion":"2.2.0","hasComponent":"true","hasUnlockedComponent":"true","isUnifiedRootApp":"false","sienaVersion":"20230707T161447Z-3.23063.15.0"},"properties":{"appVersion":"2023-07-07T16:14:47Z","lifeCycleId":"Published","createdByClientVersion":{"major":3,"minor":23063,"build":15,"revision":0,"majorRevision":0,"minorRevision":0},"minClientVersion":{"major":3,"minor":23063,"build":15,"revision":0,"majorRevision":0,"minorRevision":0},"backgroundColor":"rgba(255, 255, 255, 1)","backgroundImageUri":"/3100190086403559066/N4338c63b-9133-4446-8747-2fca9ebddbe3-logoSmallFile","displayName":"Planejamento Reuniões - GPAN","description":"","commitMessage":"","appUris":{"documentUri":{"value":"/3100190086403559066/N24f06e83-92f4-49ac-a340-ff0307210bfe-document.msapp"},"imageUris":[],"additionalUris":[]},"createdTime":"0001-01-01T00:00:00Z","lastModifiedTime":"0001-01-01T00:00:00Z","sharedGroupsCount":0,"sharedUsersCount":0,"connectionReferences":{"0f3623a4-44fd-4805-81fd-006262289e39":{"id":"7ae5c871-3c07-4cb4-a3f3-7f6b27244161","displayName":"SharePoint","iconUri":"https://connectoricons-prod.azureedge.net/u/shgogna/globalperconnector-train1/1.0.1639.3312/sharepointonline/icon.png","dataSources":["Tb_MetasReuniões2023","Tb Metas Reuniões 2023","Lista Aux.","BPs -Planejamento RNs","Planej Rns Focus Group 2023"],"dependencies":[],"dependents":[],"parameterHints":{},"parameterHintsV2":{},"isOnPremiseConnection":false,"bypassConsent":false,"dataSets":{"https://energisa.sharepoint.com/sites/MetasReunies":{"dataSources":{"Tb_MetasReuniões2023":{"tableName":"0c8a0d0d-9f55-484f-82af-bf53bc4f9b5b"}}},"https://energisa.sharepoint.com/sites/GPAN":{"dataSources":{"Tb Metas Reuniões 2023":{"tableName":"410cf763-a602-4c33-adc8-e70f5232ea3b"},"BPs -Planejamento RNs":{"tableName":"c97d0d31-7a3d-4156-9f84-81e1667d379a"},"Planej Rns Focus Group 2023":{"tableName":"e646da41-1cf3-432e-87e4-8082b7b78063"}}},"https://energisa.sharepoint.com/sites/Meu":{"dataSources":{"Lista Aux.":{"tableName":"49819d4f-4d24-4ba9-813f-9adab243f4b7"}}}},"apiTier":"Standard","isCustomApiConnection":false,"actions":["providers/PowerPlatform.Governance/Operations/Read","providers/PowerPlatform.Governance/Operations/Write"]},"206095fe-72c9-462d-a863-98317ff66f7e":{"id":"e73d9374-e1e4-438f-8a12-fc66ea0487c4","displayName":"Excel Online (Business)","iconUri":"https://connectoricons-prod.azureedge.net/releases/v1.0.1639/1.0.1639.3319/excelonlinebusiness/icon.png","dataSources":["Tabela1_1"],"dependencies":[],"dependents":[],"parameterHints":{},"parameterHintsV2":{},"isOnPremiseConnection":false,"bypassConsent":false,"dataSets":{"sites%252Fenergisa.sharepoint.com%252C5918fc9f-abf6-49ae-a48c-1692899f87da%252C97ee45d2-db2e-4303-aa16-2d9bdc0c40e6,b%2521n_wYWfarrkmkjBaSiZ-H2tJF7pcu2wNDqhYtm9wMQOamM8nnBbnLSrEWiKcLUhvW,01PKRQDOTXI7KCG2BXPJH2BJ4JPFASJUJC":{"dataSources":{"Tabela1_1":{"tableName":"{00000000-000C-0000-FFFF-FFFF00000000}"}}}},"apiTier":"Standard","isCustomApiConnection":false,"actions":["providers/PowerPlatform.Governance/Operations/Read"]}},"authorizationReferences":[{"resourceId":"powerbi"}],"databaseReferences":{},"almMode":"Environment","performanceOptimizationEnabled":true,"canConsumeAppPass":true,"enableModernRuntimeMode":false,"executionRestrictions":{"isTeamsOnly":false,"dataLossPreventionEvaluationResult":{"status":"Compliant","lastEvaluationDate":"2023-03-15T16:10:45.9869141Z","violations":[],"violationsByPolicy":[],"violationErrorMessage":"O aplicativo usa os seguintes conectores: ."}}},"appType":"ClassicCanvasApp","appComponents":[]}}