{"name":"072da619-f6a7-429a-8a9a-959856ca791e","id":"/providers/Microsoft.Flow/flows/072da619-f6a7-429a-8a9a-959856ca791e","type":"Microsoft.Flow/flows","properties":{"apiId":"/providers/Microsoft.PowerApps/apis/shared_logicflows","displayName":"Enviar feedback por meio do teams","definition":{"metadata":{"workflowEntityId":null,"processAdvisorMetadata":null,"flowChargedByPaygo":null,"flowclientsuspensionreason":"None","flowclientsuspensiontime":null,"flowclientsuspensionreasondetails":null,"creator":{"id":"04e29d49-d6e5-49dd-bcef-85f6afc63b3e","type":"User","tenantId":"f8c68086-b95c-49cb-9d38-ed37940abef5"},"provisioningMethod":"FromDefinition","failureAlertSubscription":true,"clientLastModifiedTime":"2023-08-01T16:56:16.9769282Z"},"$schema":"https://schema.management.azure.com/providers/Microsoft.Logic/schemas/2016-06-01/workflowdefinition.json#","contentVersion":"1.0.0.0","parameters":{"$connections":{"defaultValue":{},"type":"Object"},"$authentication":{"defaultValue":{},"type":"SecureObject"}},"triggers":{"manual":{"metadata":{"operationMetadataId":"17a8c73b-9cd2-4357-b5a5-e43687232c7a"},"type":"Request","kind":"PowerApp","inputs":{"schema":{"type":"object","properties":{"Postarmensagememumchatoucanal_Recipient":{"type":"string","description":"Enter a name or email address. Este parâmetro é usado como parte de \"93A7DCCD-47AF-4B27-9172-E1F69D2577E2\"","x-ms-powerflows-param-ispartial":true},"Postarmensagememumchatoucanal_Recipient_1":{"type":"string"},"Postarmensagememumchatoucanal_Recipient_2":{"type":"string"},"Postarmensagememumchatoucanal_Message":{"type":"string","format":"html","description":"Add message. Este parâmetro é usado como parte de \"434CB481-3136-4375-BDCA-35992084979E\"","x-ms-powerflows-param-ispartial":true}},"required":["Postarmensagememumchatoucanal_Recipient","Postarmensagememumchatoucanal_Recipient_1","Postarmensagememumchatoucanal_Recipient_2","Postarmensagememumchatoucanal_Message"]}}}},"actions":{"Postar_mensagem_em_um_chat_ou_canal":{"runAfter":{},"metadata":{"operationMetadataId":"2cd4935c-dc0a-4428-b5e9-c8219abc6565"},"type":"OpenApiConnection","inputs":{"host":{"apiId":"/providers/Microsoft.PowerApps/apis/shared_teams","connectionName":"shared_teams","operationId":"PostMessageToConversation"},"parameters":{"poster":"Flow bot","location":"Chat with Flow bot","body/recipient":"@{triggerBody()['Postarmensagememumchatoucanal_Recipient_2']};","body/messageBody":"<p>@{triggerBody()['Postarmensagememumchatoucanal_Message']}</p>"},"authentication":{"value":"@json(decodeBase64(triggerOutputs().headers['X-MS-APIM-Tokens']))['$ConnectionKey']","type":"Raw"}}}}},"connectionReferences":{"shared_teams":{"connectionName":"shared-teams-f51259d1-6b61-45ec-bd73-24367afcc77e","source":"Invoker","id":"/providers/Microsoft.PowerApps/apis/shared_teams","tier":"NotSpecified"}},"flowFailureAlertSubscribed":false,"isManaged":false}}