{"schemaVersion":"1.0","appDefinitionTemplate":{"id":"/providers/Microsoft.PowerApps/apps/","type":"Microsoft.PowerApps/apps","tags":{"primaryDeviceWidth":"1366","primaryDeviceHeight":"768","supportsPortrait":"true","supportsLandscape":"true","primaryFormFactor":"Tablet","publisherVersion":"3.23023.21","minimumRequiredApiVersion":"2.2.0","hasComponent":"true","hasUnlockedComponent":"true","isUnifiedRootApp":"false","sienaVersion":"20230313T143301Z-3.23023.21.0"},"properties":{"appVersion":"2023-03-13T14:33:01Z","lifeCycleId":"Published","createdByClientVersion":{"major":3,"minor":23023,"build":21,"revision":0,"majorRevision":0,"minorRevision":0},"minClientVersion":{"major":3,"minor":23023,"build":21,"revision":0,"majorRevision":0,"minorRevision":0},"backgroundColor":"rgba(255, 255, 255, 1)","backgroundImageUri":"/7058356629417222053/N1ce4d72b-0e7c-4d56-82b9-c21bbd0bf7a6-logoSmallFile","displayName":"Controle de Iniciativas","description":"","commitMessage":"","appUris":{"documentUri":{"value":"/7058356629417222053/Nc6791018-a394-404c-838a-c5d5474b3fae-document.msapp"},"imageUris":[],"additionalUris":[]},"createdTime":"0001-01-01T00:00:00Z","lastModifiedTime":"0001-01-01T00:00:00Z","sharedGroupsCount":0,"sharedUsersCount":0,"connectionReferences":{"9d46e2c6-a2a4-4c44-b6ea-e80e7a8d1723":{"id":"7ae5c871-3c07-4cb4-a3f3-7f6b27244161","displayName":"SharePoint","iconUri":"https://connectoricons-prod.azureedge.net/u/juanq/gateway/greyhound/3000.150.11/1.0.1613.3116/sharepointonline/icon.png","dataSources":["tb_Controle_Iniciativas","Tb_teste","tb_Timesheet","TB_timesheet2","tb_Planejamento_Fases","tb_PlanejamentoFases_"],"dependencies":[],"dependents":[],"parameterHints":{},"parameterHintsV2":{},"isOnPremiseConnection":false,"bypassConsent":false,"dataSets":{"https://energisa.sharepoint.com/sites/ControledeIniciativas":{"dataSources":{"tb_Controle_Iniciativas":{"tableName":"a2886a4a-7259-475c-b21b-c62f500e42a9"},"Tb_teste":{"tableName":"40105dca-5082-4c88-a74b-4d7c98447dba"},"tb_Timesheet":{"tableName":"4b6ccfcb-62fe-4f9b-b446-d702ed18c86a"},"TB_timesheet2":{"tableName":"ad9c06c6-46b4-47d0-8d7b-c6cdac78ca42"},"tb_Planejamento_Fases":{"tableName":"601523aa-2bd0-4fe8-8aed-f1536c648898"},"tb_PlanejamentoFases_":{"tableName":"ec102f00-f55d-49ff-b3b2-a8bccf454dd7"}}}},"apiTier":"Standard","isCustomApiConnection":false,"actions":["providers/PowerPlatform.Governance/Operations/Read","providers/PowerPlatform.Governance/Operations/Write","providers/PowerPlatform.Governance/Operations/Delete"]},"c93b7c94-8ec5-41f2-8a64-e19b7091d2eb":{"id":"cef08eeb-8b21-4600-a3e2-77c17835daa7","displayName":"Office 365 Outlook","iconUri":"https://connectoricons-prod.azureedge.net/releases/v1.0.1618/1.0.1618.3179/office365/icon.png","dataSources":["Office365Outlook"],"dependencies":[],"dependents":[],"parameterHints":{},"parameterHintsV2":{},"isOnPremiseConnection":false,"bypassConsent":false,"dataSets":{},"apiTier":"Standard","isCustomApiConnection":false,"actions":["SendEmailV2"]},"28d5cb80-e9a5-4425-81f0-25026a799fd6":{"id":"9735cbe9-2145-4776-959d-ec7a93812ada","displayName":"Usuários do Office 365","iconUri":"https://connectoricons-prod.azureedge.net/releases/v1.0.1618/1.0.1618.3179/office365users/icon.png","dataSources":["UsuáriosdoOffice365"],"dependencies":[],"dependents":[],"parameterHints":{},"parameterHintsV2":{},"isOnPremiseConnection":false,"bypassConsent":false,"dataSets":{},"apiTier":"Standard","isCustomApiConnection":false}},"databaseReferences":{},"almMode":"Environment","performanceOptimizationEnabled":true,"canConsumeAppPass":true,"enableModernRuntimeMode":false,"executionRestrictions":{"isTeamsOnly":false,"dataLossPreventionEvaluationResult":{"status":"Compliant","lastEvaluationDate":"2022-10-24T14:28:35.655595Z","violations":[],"violationsByPolicy":[],"violationErrorMessage":"O aplicativo usa os seguintes conectores: shared_sharepointonline."}}},"appType":"ClassicCanvasApp","appComponents":[]}}