{"schemaVersion":"1.0","appDefinitionTemplate":{"id":"/providers/Microsoft.PowerApps/apps/","type":"Microsoft.PowerApps/apps","tags":{"primaryDeviceWidth":"1366","primaryDeviceHeight":"768","supportsPortrait":"true","supportsLandscape":"true","primaryFormFactor":"Tablet","publisherVersion":"3.23075.16","minimumRequiredApiVersion":"2.2.0","hasComponent":"false","hasUnlockedComponent":"false","isUnifiedRootApp":"false","sienaVersion":"20230816T143118Z-3.23075.16.0","showStatusBar":"false"},"properties":{"appVersion":"2023-08-16T14:31:18Z","lifeCycleId":"Published","createdByClientVersion":{"major":3,"minor":23075,"build":16,"revision":0,"majorRevision":0,"minorRevision":0},"minClientVersion":{"major":3,"minor":23075,"build":16,"revision":0,"majorRevision":0,"minorRevision":0},"backgroundColor":"RGBA(0,176,240,1)","backgroundImageUri":"/1404318500333894940/N7b966b20-155a-450d-aee5-f6270e02b530-logoSmallFile","displayName":"Serviços PNE","description":"","commitMessage":"","appUris":{"documentUri":{"value":"/1404318500333894940/Naaefc5df-3b10-4df1-9e30-6e5c84ceffce-document.msapp"},"imageUris":[],"additionalUris":[]},"createdTime":"0001-01-01T00:00:00Z","lastModifiedTime":"0001-01-01T00:00:00Z","sharedGroupsCount":0,"sharedUsersCount":0,"connectionReferences":{"70504924-85ee-4afe-869c-4815b7064a47":{"id":"7ae5c871-3c07-4cb4-a3f3-7f6b27244161","displayName":"SharePoint","iconUri":"https://connectoricons-prod.azureedge.net/u/shgogna/globalperconnector-train1/1.0.1639.3312/sharepointonline/icon.png","dataSources":["Solicitação de Alteração de Data de Documento","Solicitação de Alteração de Versão de Documento Normativo","Solicitação de Publicação Normas (Exclusivo DENG)","Solicitação de Retirada de Documento Normativo da PNE (Obsolescência)","Solicitação de Revisão de Documento Normativo PNE (Novo Documento)","Solicitação de Substituição Normas (Exclusivo DENG)","Solicitar Documento Normativo em formato Word para alteração de documento"],"dependencies":[],"dependents":[],"parameterHints":{},"parameterHintsV2":{},"isOnPremiseConnection":false,"bypassConsent":false,"dataSets":{"https://energisa.sharepoint.com/sites/PirmideNormativaEnergisa2-GestoPNE":{"dataSources":{"Solicitação de Alteração de Data de Documento":{"tableName":"a503bc63-f2c5-42c3-93ca-1756231da6cd"},"Solicitação de Alteração de Versão de Documento Normativo":{"tableName":"3d4913c8-70ac-47a1-bd36-610df51bf7f6"},"Solicitação de Publicação Normas (Exclusivo DENG)":{"tableName":"ac5f37c8-fac8-4465-baa1-58bd709c8033"},"Solicitação de Retirada de Documento Normativo da PNE (Obsolescência)":{"tableName":"bcd43836-8361-491a-8ccd-f7e49d40e5a1"},"Solicitação de Revisão de Documento Normativo PNE (Novo Documento)":{"tableName":"8b37cf92-bb32-4d17-b4be-011661c107b4"},"Solicitação de Substituição Normas (Exclusivo DENG)":{"tableName":"831d8d23-eecc-4d64-b00e-ff31d70e92f5"},"Solicitar Documento Normativo em formato Word para alteração de documento":{"tableName":"4f6d6768-b8d2-4b33-9f4f-a456793a76dc"}}}},"apiTier":"Standard","isCustomApiConnection":false,"actions":["providers/PowerPlatform.Governance/Operations/Read","providers/PowerPlatform.Governance/Operations/Write"]},"10d1c23e-bbaa-4c26-90b6-aa066c53b18e":{"id":"e73d9374-e1e4-438f-8a12-fc66ea0487c4","displayName":"Excel Online (Business)","iconUri":"https://connectoricons-prod.azureedge.net/releases/v1.0.1651/1.0.1651.3382/excelonlinebusiness/icon.png","dataSources":["Tabela1","TabelaTeste"],"dependencies":[],"dependents":[],"parameterHints":{},"parameterHintsV2":{},"isOnPremiseConnection":false,"bypassConsent":false,"dataSets":{"sites%252Fenergisa.sharepoint.com%252C3f893968-6e1b-426d-9c47-7956de79d8da%252Cccc5b7df-ffd3-4f17-a999-b10a875d1d98,b%2521aDmJPxtubUKcR3lW3nnY2t-3xczT_xdPqZmxCoddHZitdFxbCuFzQJq7sPe5IFSm,01V4S4JC237W6P2KH7QJH2ZKYS7WE5X4TS":{"dataSources":{"Tabela1":{"tableName":"{92D11C51-4DE9-4577-9DC9-DFCE4E7FCDD9}"},"TabelaTeste":{"tableName":"{92D11C51-4DE9-4577-9DC9-DFCE4E7FCDD9}"}}}},"apiTier":"Standard","isCustomApiConnection":false,"actions":["providers/PowerPlatform.Governance/Operations/Read","providers/PowerPlatform.Governance/Operations/Write"]}},"databaseReferences":{},"almMode":"Environment","performanceOptimizationEnabled":true,"canConsumeAppPass":true,"enableModernRuntimeMode":false,"executionRestrictions":{"isTeamsOnly":false,"dataLossPreventionEvaluationResult":{"status":"Compliant","lastEvaluationDate":"2023-07-06T18:23:53.1055833Z","violations":[],"violationsByPolicy":[],"violationErrorMessage":"O aplicativo usa os seguintes conectores: shared_excelonlinebusiness."}}},"appType":"ClassicCanvasApp","appComponents":[]}}