{"name":"ff2c9bb1-d8b8-4472-8bd6-7091611a6962","id":"/providers/Microsoft.Flow/flows/ff2c9bb1-d8b8-4472-8bd6-7091611a6962","type":"Microsoft.Flow/flows","properties":{"apiId":"/providers/Microsoft.PowerApps/apis/shared_logicflows","displayName":"Envio Feedback no teams","definition":{"metadata":{"workflowEntityId":null,"processAdvisorMetadata":null,"flowChargedByPaygo":null,"flowclientsuspensionreason":"None","flowclientsuspensiontime":null,"flowclientsuspensionreasondetails":null,"creator":{"id":"04e29d49-d6e5-49dd-bcef-85f6afc63b3e","type":"User","tenantId":"f8c68086-b95c-49cb-9d38-ed37940abef5"},"provisioningMethod":"FromDefinition","failureAlertSubscription":true,"clientLastModifiedTime":"2023-08-18T11:44:49.8529166Z"},"$schema":"https://schema.management.azure.com/providers/Microsoft.Logic/schemas/2016-06-01/workflowdefinition.json#","contentVersion":"1.0.0.0","parameters":{"$connections":{"defaultValue":{},"type":"Object"},"$authentication":{"defaultValue":{},"type":"SecureObject"}},"triggers":{"manual":{"metadata":{"operationMetadataId":"5fd7598b-f1a1-439a-afbc-ed8f674e55f5"},"type":"Request","kind":"PowerApp","inputs":{"schema":{"type":"object","properties":{"Postarmensagememumchatoucanal_Message":{"type":"string","format":"html","description":"Add message. Este parâmetro é usado como parte de \"E0D01A24-B75D-47AA-BA86-A0DDAFF92208\"","x-ms-powerflows-param-ispartial":true},"Postarmensagememumchatoucanal_Message_1":{"type":"string"},"Postarmensagememumchatoucanal_Message_2":{"type":"string"},"Postarmensagememumchatoucanal_Message_3":{"type":"string"}},"required":["Postarmensagememumchatoucanal_Message","Postarmensagememumchatoucanal_Message_1","Postarmensagememumchatoucanal_Message_2","Postarmensagememumchatoucanal_Message_3"]}}}},"actions":{"Postar_mensagem_em_um_chat_ou_canal":{"runAfter":{},"metadata":{"operationMetadataId":"7e8269ad-c795-4a1d-bbb6-a1ef2a3afa2d"},"type":"OpenApiConnection","inputs":{"host":{"apiId":"/providers/Microsoft.PowerApps/apis/shared_teams","connectionName":"shared_teams","operationId":"PostMessageToConversation"},"parameters":{"poster":"User","location":"Group chat","body/recipient":"19:4fd5ffbb9c3044ca9224b145e2ced2f8@thread.v2","body/messageBody":"<p><span style=\"color: rgb(243,121,52); font-size: 16px\"><strong>Feedback</strong></span><br>\n<strong>Para: </strong><strong>@{triggerBody()['Postarmensagememumchatoucanal_Message']}</strong><strong><br>\nDe: </strong><strong>@{triggerBody()['Postarmensagememumchatoucanal_Message_1']}</strong><strong><br>\nMotivo: </strong><strong>@{triggerBody()['Postarmensagememumchatoucanal_Message_2']}</strong><strong><br>\n<br>\nDescrição: </strong><strong>@{triggerBody()['Postarmensagememumchatoucanal_Message_3']}</strong><strong></strong></p>"},"authentication":{"value":"@json(decodeBase64(triggerOutputs().headers['X-MS-APIM-Tokens']))['$ConnectionKey']","type":"Raw"}}}}},"connectionReferences":{"shared_teams":{"connectionName":"shared-teams-f51259d1-6b61-45ec-bd73-24367afcc77e","source":"Invoker","id":"/providers/Microsoft.PowerApps/apis/shared_teams","tier":"NotSpecified"}},"flowFailureAlertSubscribed":false,"isManaged":false}}