{"name":"b52d9064-fd87-4b90-9698-ddd7da17b18d","id":"/providers/Microsoft.Flow/flows/b52d9064-fd87-4b90-9698-ddd7da17b18d","type":"Microsoft.Flow/flows","properties":{"apiId":"/providers/Microsoft.PowerApps/apis/shared_logicflows","displayName":"envioteamsteste","definition":{"metadata":{"workflowEntityId":null,"processAdvisorMetadata":null,"flowChargedByPaygo":null,"flowclientsuspensionreason":"None","flowclientsuspensiontime":null,"flowclientsuspensionreasondetails":null,"creator":{"id":"04e29d49-d6e5-49dd-bcef-85f6afc63b3e","type":"User","tenantId":"f8c68086-b95c-49cb-9d38-ed37940abef5"},"provisioningMethod":"FromDefinition","failureAlertSubscription":true,"clientLastModifiedTime":"2023-08-01T17:17:39.266978Z"},"$schema":"https://schema.management.azure.com/providers/Microsoft.Logic/schemas/2016-06-01/workflowdefinition.json#","contentVersion":"1.0.0.0","parameters":{"$connections":{"defaultValue":{},"type":"Object"},"$authentication":{"defaultValue":{},"type":"SecureObject"}},"triggers":{"manual":{"metadata":{"operationMetadataId":"85aebb93-4940-47f0-8dea-e76682fcf620"},"type":"Request","kind":"PowerApp","inputs":{"schema":{"type":"object","properties":{"Postarcartãoemumchatoucanal_AdaptiveCard":{"type":"string","description":"Insert adaptive card json here. Este parâmetro é usado como parte de \"D2857ABA-0A58-45E8-9798-806E680D1D74\"","x-ms-powerflows-param-ispartial":true},"Postarcartãoemumchatoucanal_AdaptiveCard_1":{"type":"string"}},"required":["Postarcartãoemumchatoucanal_AdaptiveCard","Postarcartãoemumchatoucanal_AdaptiveCard_1"]}}}},"actions":{"Postar_cartão_em_um_chat_ou_canal":{"runAfter":{},"metadata":{"operationMetadataId":"f404b2dc-cd1a-4652-8fe0-cfb3c55d1ae7"},"type":"OpenApiConnection","inputs":{"host":{"apiId":"/providers/Microsoft.PowerApps/apis/shared_teams","connectionName":"shared_teams","operationId":"PostCardToConversation"},"parameters":{"poster":"Flow bot","location":"Chat with Flow bot","body/recipient":"vinicius.pinholi@energisa.com.br","body/messageBody":"@{triggerBody()['Postarcartãoemumchatoucanal_AdaptiveCard']}@{triggerBody()['Postarcartãoemumchatoucanal_AdaptiveCard_1']}"},"authentication":{"value":"@json(decodeBase64(triggerOutputs().headers['X-MS-APIM-Tokens']))['$ConnectionKey']","type":"Raw"}}}}},"connectionReferences":{"shared_teams":{"connectionName":"shared-teams-f51259d1-6b61-45ec-bd73-24367afcc77e","source":"Invoker","id":"/providers/Microsoft.PowerApps/apis/shared_teams","tier":"NotSpecified"}},"flowFailureAlertSubscribed":false,"isManaged":false}}